{
    "rmse": 0.6960223246783964,
    "mae": 0.531178257747942,
    "r2": 0.26447573467338514
}