{
    "rmse": 0.6681493682289644,
    "mae": 0.5323192572492441,
    "r2": 0.27616035304003606
}